orig_pc,orig_pc_part,orig_instruction,is_conditional_branch,is_computed_jump,is_constant_jump,srcA,srcB,dst,is_memory_read,is_memory_write,mem_addr,branch_taken
0,0,,N,N,N,,,4,N,N,,
10,0,,N,N,Y,,4,4,N,Y,0x1f8,
56,0,,N,N,N,,,7,N,N,,
66,0,,N,N,N,,,6,N,N,,
76,0,,N,N,Y,,4,4,N,Y,0x1f0,
86,0,,N,N,N,0,0,0,N,N,,
88,0,,N,N,N,6,6,6,N,N,,
90,0,,Y,N,N,,,,N,N,,N
99,0,,N,N,N,3,4,4,N,Y,0x1e8,
101,0,,N,N,N,,7,3,Y,N,0x18,
111,0,,N,N,N,,,10,N,N,,
121,0,,N,N,N,10,6,6,N,N,,
123,0,,N,N,N,,,10,N,N,,
133,0,,N,N,N,10,7,7,N,N,,
135,0,,N,N,Y,,4,4,N,Y,0x1e0,
86,0,,N,N,N,0,0,0,N,N,,
88,0,,N,N,N,6,6,6,N,N,,
90,0,,Y,N,N,,,,N,N,,N
99,0,,N,N,N,3,4,4,N,Y,0x1d8,
101,0,,N,N,N,,7,3,Y,N,0x20,
111,0,,N,N,N,,,10,N,N,,
121,0,,N,N,N,10,6,6,N,N,,
123,0,,N,N,N,,,10,N,N,,
133,0,,N,N,N,10,7,7,N,N,,
135,0,,N,N,Y,,4,4,N,Y,0x1d0,
86,0,,N,N,N,0,0,0,N,N,,
88,0,,N,N,N,6,6,6,N,N,,
90,0,,Y,N,N,,,,N,N,,N
99,0,,N,N,N,3,4,4,N,Y,0x1c8,
101,0,,N,N,N,,7,3,Y,N,0x28,
111,0,,N,N,N,,,10,N,N,,
121,0,,N,N,N,10,6,6,N,N,,
123,0,,N,N,N,,,10,N,N,,
133,0,,N,N,N,10,7,7,N,N,,
135,0,,N,N,Y,,4,4,N,Y,0x1c0,
86,0,,N,N,N,0,0,0,N,N,,
88,0,,N,N,N,6,6,6,N,N,,
90,0,,Y,N,N,,,,N,N,,N
99,0,,N,N,N,3,4,4,N,Y,0x1b8,
101,0,,N,N,N,,7,3,Y,N,0x30,
111,0,,N,N,N,,,10,N,N,,
121,0,,N,N,N,10,6,6,N,N,,
123,0,,N,N,N,,,10,N,N,,
133,0,,N,N,N,10,7,7,N,N,,
135,0,,N,N,Y,,4,4,N,Y,0x1b0,
86,0,,N,N,N,0,0,0,N,N,,
88,0,,N,N,N,6,6,6,N,N,,
90,0,,Y,N,N,,,,N,N,,Y
148,0,,N,Y,N,4,4,4,Y,N,0x1b0,
144,0,,N,N,N,3,0,0,N,N,,
146,0,popq,N,N,N,4,,4,N,N,,
146,1,popq,N,N,N,4,,3,N,Y,0x1b8,
148,0,,N,Y,N,4,4,4,Y,N,0x1c0,
144,0,,N,N,N,3,0,0,N,N,,
146,0,popq,N,N,N,4,,4,N,N,,
146,1,popq,N,N,N,4,,3,N,Y,0x1c8,
148,0,,N,Y,N,4,4,4,Y,N,0x1d0,
144,0,,N,N,N,3,0,0,N,N,,
146,0,popq,N,N,N,4,,4,N,N,,
146,1,popq,N,N,N,4,,3,N,Y,0x1d8,
148,0,,N,Y,N,4,4,4,Y,N,0x1e0,
144,0,,N,N,N,3,0,0,N,N,,
146,0,popq,N,N,N,4,,4,N,N,,
146,1,popq,N,N,N,4,,3,N,Y,0x1e8,
148,0,,N,Y,N,4,4,4,Y,N,0x1f0,
85,0,,N,Y,N,4,4,4,Y,N,0x1f8,
19,0,,N,N,N,,,,N,N,,
